GTIN;Group;Price;OKEI;Tax
4660531201190;Боди Бретель Черный 36;465;796;без НДС
4660531201206;Боди Бретель Черный 38;465;796;без НДС
4660531201213;Боди Бретель Черный 40;465;796;без НДС
4660531201220;Боди Бретель Черный 42;465;796;без НДС
4660531201237;Боди Бретель Черный 44;465;796;без НДС
4660531201244;Боди Бретель Черный 46;465;796;без НДС
4660531201251;Боди Бретель Черный 48;465;796;без НДС
4660531201268;Боди Бретель Черный 50;465;796;без НДС
4660531201275;Боди Бретель Белый 36;465;796;без НДС
4660531201282;Боди Бретель Белый 38;465;796;без НДС
4660531201299;Боди Бретель Белый 40;465;796;без НДС
4660531201305;Боди Бретель Белый 42;465;796;без НДС
4660531201312;Боди Бретель Белый 44;465;796;без НДС
4660531201329;Боди Бретель Белый 46;465;796;без НДС
4660531201336;Боди Бретель Белый 48;465;796;без НДС
4660531201343;Боди Бретель Белый 50;465;796;без НДС
4660531200001;Боди Классик Черный 36;416;796;без НДС
4660531200018;Боди Классик Черный 38;416;796;без НДС
4660531200025;Боди Классик Черный 40;416;796;без НДС
4660531200032;Боди Классик Черный 42;416;796;без НДС
4660531200049;Боди Классик Черный 44;416;796;без НДС
4660531200056;Боди Классик Черный 46;416;796;без НДС
4660531200063;Боди Классик Черный 48;416;796;без НДС
4660531200070;Боди Классик Черный 50;416;796;без НДС
4660531200087;Боди Классик Белый 36;416;796;без НДС
4660531200094;Боди Классик Белый 38;416;796;без НДС
4660531200100;Боди Классик Белый 40;416;796;без НДС
4660531200117;Боди Классик Белый 42;416;796;без НДС
4660531200124;Боди Классик Белый 44;416;796;без НДС
4660531200131;Боди Классик Белый 46;416;796;без НДС
4660531200148;Боди Классик Белый 48;416;796;без НДС
4660531200155;Боди Классик Белый 50;416;796;без НДС
4660531200162;Боди Классик Красный 36;416;796;без НДС
4660531200179;Боди Классик Красный 38;416;796;без НДС
4660531200186;Боди Классик Красный 40;416;796;без НДС
4660531200193;Боди Классик Красный 42;416;796;без НДС
4660531200209;Боди Классик Красный 44;416;796;без НДС
4660531200216;Боди Классик Красный 46;416;796;без НДС
4660531200223;Боди Классик Красный 48;416;796;без НДС
4660531200230;Боди Классик Красный 50;416;796;без НДС
4660531200247;Боди Классик Бежевый 36;416;796;без НДС
4660531200254;Боди Классик Бежевый 38;416;796;без НДС
4660531200261;Боди Классик Бежевый 40;416;796;без НДС
4660531200278;Боди Классик Бежевый 42;416;796;без НДС
4660531200285;Боди Классик Бежевый 44;416;796;без НДС
4660531200292;Боди Классик Бежевый 46;416;796;без НДС
4660531200308;Боди Классик Бежевый 48;416;796;без НДС
4660531200315;Боди Классик Бежевый 50;416;796;без НДС
4660531200322;Боди Классик Оливка 36;416;796;без НДС
4660531200339;Боди Классик Оливка 38;416;796;без НДС
4660531200346;Боди Классик Оливка 40;416;796;без НДС
4660531200353;Боди Классик Оливка 42;416;796;без НДС
4660531200360;Боди Классик Оливка 44;416;796;без НДС
4660531200377;Боди Классик Оливка 46;416;796;без НДС
4660531200384;Боди Классик Оливка 48;416;796;без НДС
4660531200391;Боди Классик Оливка 50;416;796;без НДС
4660531200490;Боди Колье Майка Черный 38;415;796;без НДС
4660531200506;Боди Колье Майка Черный 40;415;796;без НДС
4660531200513;Боди Колье Майка Черный 42;415;796;без НДС
4660531200520;Боди Колье Майка Черный 44;415;796;без НДС
4660531200537;Боди Колье Майка Черный 46;415;796;без НДС
4660531200544;Боди Колье Майка Черный 48;415;796;без НДС
4660531200551;Боди Колье Майка Черный 50;415;796;без НДС
4660531200568;Боди Колье Майка Красный 38;415;796;без НДС
4660531200575;Боди Колье Майка Красный 40;415;796;без НДС
4660531200582;Боди Колье Майка Красный 42;415;796;без НДС
4660531200599;Боди Колье Майка Красный 44;415;796;без НДС
4660531200605;Боди Колье Майка Красный 46;415;796;без НДС
4660531200612;Боди Колье Майка Красный 48;415;796;без НДС
4660531200629;Боди Колье Майка Красный 50;415;796;без НДС
4660531200636;Боди Колье Майка Оливка 38;415;796;без НДС
4660531200643;Боди Колье Майка Оливка 40;415;796;без НДС
4660531200650;Боди Колье Майка Оливка 42;415;796;без НДС
4660531200667;Боди Колье Майка Оливка 44;415;796;без НДС
4660531200674;Боди Колье Майка Оливка 46;415;796;без НДС
4660531200681;Боди Колье Майка Оливка 48;415;796;без НДС
4660531200698;Боди Колье Майка Оливка 50;415;796;без НДС
4660531200704;Боди Колье Майка Бежевый 38;415;796;без НДС
4660531200711;Боди Колье Майка Бежевый 40;415;796;без НДС
4660531200728;Боди Колье Майка Бежевый 42;415;796;без НДС
4660531200735;Боди Колье Майка Бежевый 44;415;796;без НДС
4660531200742;Боди Колье Майка Бежевый 46;415;796;без НДС
4660531200759;Боди Колье Майка Бежевый 48;415;796;без НДС
4660531200766;Боди Колье Майка Бежевый 50;415;796;без НДС
4660531200773;Боди Колье Рукав Красный 38;430;796;без НДС
4660531200780;Боди Колье Рукав Красный 40;430;796;без НДС
4660531200797;Боди Колье Рукав Красный 42;430;796;без НДС
4660531200803;Боди Колье Рукав Красный 44;430;796;без НДС
4660531200810;Боди Колье Рукав Красный 46;430;796;без НДС
4660531200827;Боди Колье Рукав Красный 48;430;796;без НДС
4660531200834;Боди Колье Рукав Красный 50;430;796;без НДС
4660531200841;Боди Колье Рукав Черный 38;430;796;без НДС
4660531200858;Боди Колье Рукав Черный 40;430;796;без НДС
4660531200865;Боди Колье Рукав Черный 42;430;796;без НДС
4660531200872;Боди Колье Рукав Черный 44;430;796;без НДС
4660531200889;Боди Колье Рукав Черный 46;430;796;без НДС
4660531200896;Боди Колье Рукав Черный 48;430;796;без НДС
4660531200902;Боди Колье Рукав Черный 50;430;796;без НДС
4645420488319;Боди Майка Черный 38;50;796;без НДС
4645420488326;Боди Майка Черный 40;50;796;без НДС
4645420488333;Боди Майка Черный 42;50;796;без НДС
4645420488340;Боди Майка Черный 44;50;796;без НДС
4645420488357;Боди Майка Черный 46;50;796;без НДС
4645420488364;Боди Майка Черный 48;50;796;без НДС
4645420488371;Боди Майка Черный 50;50;796;без НДС
4645420488388;Боди Майка Белый 38;50;796;без НДС
4645420488395;Боди Майка Белый 40;50;796;без НДС
4645420488401;Боди Майка Белый 42;50;796;без НДС
4645420488418;Боди Майка Белый 44;50;796;без НДС
4645420488425;Боди Майка Белый 46;50;796;без НДС
4645420488432;Боди Майка Белый 48;50;796;без НДС
4645420488449;Боди Майка Белый 50;50;796;без НДС
4645420488456;Боди Майка Молочный 38;50;796;без НДС
4645420488463;Боди Майка Молочный 40;50;796;без НДС
4645420488470;Боди Майка Молочный 42;50;796;без НДС
4645420488487;Боди Майка Молочный 44;50;796;без НДС
4645420488494;Боди Майка Молочный 46;50;796;без НДС
4645420488500;Боди Майка Молочный 48;50;796;без НДС
4645420488517;Боди Майка Молочный 50;50;796;без НДС
4645420488524;Боди Майка Красный 38;50;796;без НДС
4645420488531;Боди Майка Красный 40;50;796;без НДС
4645420488548;Боди Майка Красный 42;50;796;без НДС
4645420488555;Боди Майка Красный 44;50;796;без НДС
4645420488562;Боди Майка Красный 46;50;796;без НДС
4645420488579;Боди Майка Красный 48;50;796;без НДС
4645420488586;Боди Майка Красный 50;50;796;без НДС
4645420488661;Боди Майка Светло Серый 38;50;796;без НДС
4645420488678;Боди Майка Светло Серый 40;50;796;без НДС
4645420488685;Боди Майка Светло Серый 42;50;796;без НДС
4645420488692;Боди Майка Светло Серый 44;50;796;без НДС
4645420488708;Боди Майка Светло Серый 46;50;796;без НДС
4645420488715;Боди Майка Светло Серый 48;50;796;без НДС
4645420488722;Боди Майка Светло Серый 50;50;796;без НДС
4660531200407;Боди Вог Красный 40;50;796;без НДС
4645420488029;Боди Вог Красный 42;50;796;без НДС
4645420488036;Боди Вог Красный 44;50;796;без НДС
4645420488043;Боди Вог Красный 46;50;796;без НДС
4645420488050;Боди Вог Красный 48;50;796;без НДС
4645420488067;Боди Вог Черный 40;50;796;без НДС
4645420488074;Боди Вог Черный 42;50;796;без НДС
4645420488081;Боди Вог Черный 44;50;796;без НДС
4645420488098;Боди Вог Черный 46;50;796;без НДС
4645420488104;Боди Вог Черный 48;50;796;без НДС
4645420488111;Боди Вог Белый 40;50;796;без НДС
4645420488128;Боди Вог Белый 42;50;796;без НДС
4645420488135;Боди Вог Белый 44;50;796;без НДС
4645420488142;Боди Вог Белый 46;50;796;без НДС
4645420488159;Боди Вог Белый 48;50;796;без НДС
4645420488166;Боди Вог Оливка 40;50;796;без НДС
4645420488173;Боди Вог Оливка 42;50;796;без НДС
4645420488180;Боди Вог Оливка 44;50;796;без НДС
4645420488197;Боди Вог Оливка 46;50;796;без НДС
4645420488203;Боди Вог Оливка 48;50;796;без НДС
4645420488210;Боди Вог Молочный 40;50;796;без НДС
4645420488227;Боди Вог Молочный 42;50;796;без НДС
4645420488234;Боди Вог Молочный 44;50;796;без НДС
4645420488241;Боди Вог Молочный 46;50;796;без НДС
4645420488258;Боди Вог Молочный 48;50;796;без НДС
4645420488265;Боди Вог Бежевый 40;50;796;без НДС
4645420488272;Боди Вог Бежевый 42;50;796;без НДС
4645420488289;Боди Вог Бежевый 44;50;796;без НДС
4645420488296;Боди Вог Бежевый 46;50;796;без НДС
4645420488302;Боди Вог Бежевый 48;50;796;без НДС
4660531200919;Боди Фут Черный 38;50;796;без НДС
4660531200926;Боди Фут Черный 40;50;796;без НДС
4660531200933;Боди Фут Черный 42;50;796;без НДС
4660531200940;Боди Фут Черный 44;50;796;без НДС
4660531200957;Боди Фут Черный 46;50;796;без НДС
4660531200964;Боди Фут Черный 48;50;796;без НДС
4660531200971;Боди Фут Черный 50;50;796;без НДС
4660531200988;Боди Фут Белый 38;50;796;без НДС
4660531200995;Боди Фут Белый 40;50;796;без НДС
4660531201008;Боди Фут Белый 42;50;796;без НДС
4660531201015;Боди Фут Белый 44;50;796;без НДС
4660531201022;Боди Фут Белый 46;50;796;без НДС
4660531201039;Боди Фут Белый 48;50;796;без НДС
4660531201046;Боди Фут Белый 50;50;796;без НДС
4660531201053;Боди Фут Серый 38;50;796;без НДС
4660531201060;Боди Фут Серый 40;50;796;без НДС
4660531201077;Боди Фут Серый 42;50;796;без НДС
4660531201084;Боди Фут Серый 44;50;796;без НДС
4660531201091;Боди Фут Серый 46;50;796;без НДС
4660531201107;Боди Фут Серый 48;50;796;без НДС
4660531201114;Боди Фут Серый 50;50;796;без НДС
4660531201121;Боди Фут Розовый 38;50;796;без НДС
4660531201138;Боди Фут Розовый 40;50;796;без НДС
4660531201145;Боди Фут Розовый 42;50;796;без НДС
4660531201152;Боди Фут Розовый 44;50;796;без НДС
4660531201169;Боди Фут Розовый 46;50;796;без НДС
4660531201176;Боди Фут Розовый 48;50;796;без НДС
4660531201183;Боди Фут Розовый 50;50;796;без НДС
4660531201350;Боди Фут Красный 38;50;796;без НДС
4660531201367;Боди Фут Красный 40;50;796;без НДС
4660531201374;Боди Фут Красный 42;50;796;без НДС
4660531201381;Боди Фут Красный 44;50;796;без НДС
4660531201398;Боди Фут Красный 46;50;796;без НДС
4660531201404;Боди Фут Красный 48;50;796;без НДС
4660531201411;Боди Фут Красный 50;50;796;без НДС
4660531201428;Боди Фут Коричневый 38;50;796;без НДС
4660531201435;Боди Фут Коричневый 40;50;796;без НДС
4660531201442;Боди Фут Коричневый 42;50;796;без НДС
4660531201459;Боди Фут Коричневый 44;50;796;без НДС
4660531201466;Боди Фут Коричневый 46;50;796;без НДС
4660531201473;Боди Фут Коричневый 48;50;796;без НДС
4660531201480;Боди Фут Коричневый 50;50;796;без НДС
4645420488944;Лонгслив Черный 40;50;796;без НДС
4645420488951;Лонгслив Черный 42;50;796;без НДС
4645420488968;Лонгслив Черный 44;50;796;без НДС
4645420488975;Лонгслив Черный 46;50;796;без НДС
4645420488982;Лонгслив Черный 48;50;796;без НДС
4645420488999;Лонгслив Черный 50;50;796;без НДС
4660531200414;Лонгслив Молочный 40;50;796;без НДС
4660531200421;Лонгслив Молочный 42;50;796;без НДС
4660531200438;Лонгслив Молочный 42;50;796;без НДС
4660531200445;Лонгслив Молочный 44;50;796;без НДС
4660531200452;Лонгслив Молочный 46;50;796;без НДС
4660531200469;Лонгслив Молочный 48;50;796;без НДС
4660531200476;Лонгслив Молочный 50;50;796;без НДС
4660531200483;Лонгслив Молочный 52;50;796;без НДС
